pagina,emotion_joy,emotion_sadness,emotion_anger,emotion_fear,emotion_surprise,emotion_disgust,emotion_others,sentiment_NEG,sentiment_NEU,sentiment_POS,hate_speech_hateful,hate_speech_targeted,hate_speech_aggressive,irony_not ironic,irony_ironic
12,0.0,0.02,0.75,0.0,0.01,0.09,0.14,0.84,0.14,0.01,0.04,0.01,0.02,1.0,0.0
571,0.0,0.0,0.0,0.0,0.0,0.0,0.99,0.09,0.86,0.05,0.03,0.01,0.02,0.87,0.13
200,0.0,0.0,0.0,0.0,0.0,0.0,0.99,0.07,0.81,0.12,0.02,0.01,0.01,0.99,0.01
394,0.0,0.0,0.0,0.0,0.0,0.0,0.99,0.07,0.79,0.15,0.02,0.01,0.02,0.99,0.01
397,0.0,0.01,0.04,0.0,0.0,0.0,0.95,0.65,0.32,0.03,0.03,0.01,0.03,1.0,0.0
199,0.01,0.0,0.0,0.0,0.0,0.0,0.98,0.11,0.43,0.45,0.03,0.01,0.02,0.99,0.01
4,0.0,0.01,0.78,0.0,0.0,0.06,0.14,0.25,0.68,0.08,0.03,0.01,0.03,0.01,0.99
2,0.0,0.02,0.36,0.0,0.0,0.02,0.59,0.33,0.64,0.03,0.16,0.01,0.05,0.97,0.03
420,0.01,0.0,0.0,0.0,0.0,0.0,0.98,0.22,0.6,0.19,0.02,0.01,0.01,0.88,0.12
587,0.0,0.0,0.0,0.0,0.0,0.0,0.99,0.43,0.55,0.02,0.01,0.01,0.01,0.98,0.02
238,0.0,0.0,0.01,0.0,0.0,0.0,0.98,0.06,0.85,0.09,0.09,0.01,0.02,0.72,0.28
246,0.0,0.0,0.0,0.0,0.0,0.0,0.99,0.07,0.74,0.19,0.02,0.0,0.01,1.0,0.0
324,0.0,0.0,0.0,0.0,0.0,0.0,0.99,0.23,0.62,0.16,0.01,0.01,0.01,1.0,0.0
444,0.0,0.0,0.02,0.0,0.0,0.0,0.97,0.1,0.79,0.1,0.02,0.01,0.01,0.99,0.01
59,0.0,0.01,0.01,0.0,0.0,0.0,0.97,0.63,0.33,0.04,0.28,0.01,0.09,0.99,0.01
489,0.0,0.01,0.02,0.0,0.0,0.0,0.97,0.24,0.7,0.06,0.02,0.01,0.02,0.99,0.01
487,0.0,0.0,0.01,0.0,0.0,0.0,0.98,0.18,0.78,0.05,0.02,0.01,0.01,0.94,0.06
19,0.0,0.01,0.0,0.0,0.0,0.0,0.98,0.07,0.85,0.09,0.01,0.01,0.01,0.4,0.6
105,0.0,0.01,0.51,0.0,0.01,0.05,0.41,0.23,0.69,0.08,0.03,0.01,0.04,0.98,0.02
525,0.0,0.04,0.32,0.0,0.0,0.02,0.61,0.61,0.34,0.05,0.21,0.0,0.04,1.0,0.0
159,0.0,0.01,0.14,0.0,0.0,0.01,0.83,0.24,0.73,0.03,0.13,0.01,0.04,0.91,0.09
245,0.0,0.04,0.4,0.0,0.0,0.04,0.52,0.08,0.87,0.06,0.14,0.01,0.04,0.02,0.98
526,0.0,0.0,0.02,0.0,0.0,0.0,0.97,0.13,0.8,0.07,0.01,0.01,0.01,0.99,0.01
484,0.0,0.02,0.11,0.0,0.0,0.01,0.87,0.66,0.32,0.01,0.07,0.01,0.02,1.0,0.0
406,0.01,0.0,0.0,0.0,0.0,0.0,0.99,0.07,0.79,0.15,0.07,0.01,0.02,1.0,0.0
275,0.0,0.01,0.09,0.0,0.0,0.01,0.88,0.26,0.69,0.05,0.08,0.01,0.04,1.0,0.0
127,0.0,0.0,0.0,0.0,0.0,0.0,0.99,0.19,0.65,0.15,0.02,0.01,0.01,0.05,0.95
263,0.0,0.0,0.0,0.0,0.0,0.0,1.0,0.03,0.63,0.34,0.02,0.01,0.01,1.0,0.0
187,0.0,0.01,0.01,0.0,0.0,0.0,0.98,0.22,0.68,0.1,0.02,0.01,0.02,0.15,0.85
431,0.0,0.02,0.73,0.0,0.0,0.04,0.21,0.23,0.72,0.05,0.04,0.01,0.02,0.89,0.11
128,0.0,0.03,0.16,0.0,0.01,0.02,0.78,0.19,0.75,0.06,0.04,0.01,0.03,0.9,0.1
217,0.0,0.01,0.05,0.0,0.0,0.0,0.93,0.29,0.67,0.05,0.04,0.0,0.02,1.0,0.0
379,0.0,0.0,0.06,0.0,0.0,0.0,0.92,0.25,0.68,0.07,0.03,0.01,0.02,0.95,0.05
249,0.12,0.22,0.12,0.08,0.14,0.09,0.24,0.21,0.29,0.5,0.6,0.54,0.48,0.69,0.31
99,0.0,0.01,0.18,0.0,0.01,0.02,0.78,0.57,0.4,0.03,0.09,0.0,0.03,1.0,0.0
45,0.0,0.0,0.01,0.0,0.0,0.0,0.99,0.09,0.88,0.04,0.03,0.01,0.01,1.0,0.0
216,0.0,0.0,0.01,0.0,0.0,0.0,0.99,0.08,0.66,0.26,0.01,0.0,0.01,1.0,0.0
198,0.02,0.0,0.0,0.0,0.0,0.0,0.98,0.06,0.74,0.21,0.02,0.01,0.01,1.0,0.0
522,0.0,0.0,0.0,0.0,0.0,0.0,1.0,0.12,0.63,0.25,0.01,0.01,0.01,1.0,0.0
345,0.0,0.03,0.15,0.0,0.0,0.01,0.81,0.13,0.6,0.27,0.13,0.0,0.03,1.0,0.0
277,0.0,0.0,0.0,0.0,0.0,0.0,0.99,0.09,0.81,0.1,0.12,0.0,0.05,0.32,0.68
40,0.0,0.0,0.0,0.0,0.0,0.0,0.99,0.14,0.71,0.15,0.04,0.0,0.02,1.0,0.0
556,0.0,0.01,0.02,0.0,0.0,0.0,0.97,0.24,0.7,0.06,0.02,0.01,0.02,0.99,0.01
276,0.0,0.0,0.0,0.0,0.0,0.0,0.99,0.12,0.83,0.05,0.03,0.01,0.02,0.99,0.01
572,0.0,0.0,0.0,0.0,0.0,0.0,0.99,0.11,0.73,0.16,0.02,0.02,0.02,1.0,0.0
115,0.0,0.01,0.24,0.0,0.0,0.02,0.72,0.07,0.86,0.07,0.02,0.01,0.01,0.22,0.78
478,0.0,0.0,0.0,0.0,0.0,0.0,0.99,0.09,0.64,0.27,0.01,0.01,0.01,1.0,0.0
154,0.0,0.01,0.15,0.0,0.0,0.01,0.82,0.31,0.64,0.04,0.03,0.01,0.02,1.0,0.0
125,0.0,0.0,0.01,0.0,0.0,0.0,0.99,0.51,0.45,0.04,0.02,0.01,0.02,0.97,0.03
471,0.0,0.02,0.74,0.0,0.0,0.1,0.14,0.29,0.66,0.05,0.04,0.01,0.02,0.79,0.21
430,0.0,0.0,0.0,0.0,0.0,0.0,0.99,0.07,0.78,0.15,0.02,0.01,0.01,0.95,0.05
121,0.01,0.01,0.53,0.01,0.02,0.05,0.37,0.18,0.73,0.1,0.03,0.01,0.02,0.8,0.2
329,0.0,0.01,0.14,0.0,0.01,0.02,0.82,0.32,0.64,0.05,0.04,0.01,0.02,0.99,0.01
13,0.0,0.0,0.0,0.0,0.0,0.0,0.99,0.07,0.82,0.11,0.02,0.01,0.01,0.94,0.06
256,0.01,0.0,0.01,0.0,0.01,0.0,0.97,0.05,0.8,0.15,0.04,0.01,0.01,0.98,0.02
131,0.0,0.01,0.17,0.0,0.0,0.01,0.81,0.3,0.67,0.04,0.03,0.0,0.01,1.0,0.0
117,0.0,0.01,0.02,0.0,0.0,0.0,0.97,0.24,0.7,0.06,0.02,0.01,0.02,0.99,0.01
359,0.01,0.04,0.06,0.0,0.0,0.0,0.87,0.67,0.3,0.03,0.2,0.01,0.07,1.0,0.0
57,0.0,0.0,0.0,0.0,0.0,0.0,1.0,0.09,0.79,0.12,0.01,0.01,0.01,0.97,0.03
332,0.0,0.0,0.0,0.0,0.0,0.0,0.99,0.09,0.77,0.14,0.02,0.01,0.01,0.99,0.01
391,0.01,0.0,0.0,0.0,0.0,0.0,0.98,0.19,0.74,0.07,0.04,0.0,0.02,0.99,0.01
590,0.01,0.0,0.01,0.0,0.0,0.0,0.98,0.29,0.63,0.08,0.02,0.01,0.02,0.88,0.12
155,0.0,0.01,0.05,0.0,0.0,0.01,0.93,0.26,0.67,0.07,0.03,0.01,0.02,0.95,0.05
166,0.0,0.0,0.01,0.0,0.0,0.0,0.99,0.25,0.7,0.05,0.01,0.01,0.01,1.0,0.0
168,0.0,0.0,0.0,0.0,0.0,0.0,0.99,0.36,0.55,0.09,0.03,0.01,0.02,0.97,0.03
44,0.09,0.02,0.01,0.01,0.03,0.01,0.84,0.16,0.64,0.2,0.06,0.03,0.05,0.84,0.16
343,0.01,0.0,0.0,0.0,0.0,0.0,0.99,0.16,0.71,0.13,0.01,0.01,0.01,1.0,0.0
223,0.0,0.11,0.68,0.01,0.0,0.06,0.13,0.51,0.47,0.02,0.12,0.02,0.06,0.95,0.05
535,0.0,0.01,0.18,0.01,0.01,0.02,0.77,0.15,0.8,0.05,0.03,0.01,0.02,0.96,0.04
94,0.01,0.0,0.0,0.0,0.0,0.0,0.99,0.05,0.79,0.16,0.04,0.0,0.01,0.99,0.01
301,0.0,0.02,0.04,0.0,0.0,0.0,0.93,0.11,0.74,0.16,0.07,0.01,0.03,0.73,0.27
293,0.0,0.0,0.0,0.0,0.0,0.0,0.99,0.16,0.74,0.11,0.01,0.01,0.01,1.0,0.0
29,0.0,0.01,0.87,0.0,0.0,0.1,0.02,0.26,0.7,0.04,0.04,0.01,0.02,0.89,0.11
523,0.01,0.0,0.0,0.0,0.0,0.0,0.99,0.1,0.73,0.17,0.04,0.01,0.01,0.75,0.25
466,0.01,0.0,0.0,0.0,0.0,0.0,0.99,0.1,0.71,0.19,0.01,0.01,0.01,1.0,0.0
591,0.0,0.0,0.0,0.0,0.0,0.0,1.0,0.11,0.8,0.09,0.01,0.01,0.01,0.96,0.04
558,0.0,0.01,0.89,0.0,0.0,0.09,0.01,0.87,0.12,0.02,0.1,0.01,0.05,1.0,0.0
106,0.0,0.0,0.0,0.0,0.0,0.0,0.99,0.37,0.58,0.05,0.03,0.01,0.01,1.0,0.0
143,0.0,0.01,0.06,0.0,0.0,0.01,0.92,0.32,0.62,0.06,0.05,0.01,0.02,0.98,0.02
362,0.0,0.0,0.01,0.0,0.0,0.0,0.98,0.7,0.27,0.03,0.07,0.01,0.03,0.98,0.02
555,0.01,0.01,0.19,0.0,0.01,0.01,0.77,0.11,0.83,0.06,0.06,0.01,0.03,0.05,0.95
344,0.0,0.01,0.04,0.0,0.0,0.0,0.94,0.39,0.58,0.03,0.08,0.0,0.03,0.12,0.88
76,0.01,0.01,0.31,0.01,0.01,0.07,0.57,0.25,0.68,0.07,0.02,0.01,0.01,1.0,0.0
75,0.0,0.0,0.0,0.0,0.0,0.0,0.99,0.12,0.78,0.1,0.02,0.01,0.01,0.92,0.08
174,0.0,0.0,0.01,0.0,0.0,0.0,0.98,0.23,0.73,0.04,0.02,0.01,0.01,1.0,0.0
448,0.0,0.0,0.0,0.0,0.0,0.0,0.99,0.03,0.87,0.09,0.02,0.01,0.01,0.99,0.01
534,0.0,0.0,0.02,0.0,0.0,0.0,0.97,0.09,0.77,0.14,0.05,0.01,0.03,0.86,0.14
279,0.0,0.0,0.02,0.0,0.0,0.0,0.97,0.1,0.78,0.12,0.06,0.01,0.04,0.9,0.1
214,0.0,0.04,0.37,0.01,0.01,0.02,0.55,0.84,0.15,0.01,0.04,0.0,0.02,1.0,0.0
67,0.0,0.01,0.03,0.0,0.0,0.0,0.96,0.2,0.7,0.11,0.07,0.0,0.02,1.0,0.0
551,0.0,0.0,0.0,0.0,0.0,0.0,0.99,0.1,0.71,0.19,0.05,0.02,0.03,0.95,0.05
258,0.01,0.0,0.02,0.0,0.0,0.0,0.97,0.07,0.84,0.09,0.02,0.01,0.01,1.0,0.0
84,0.0,0.0,0.02,0.0,0.02,0.0,0.95,0.21,0.72,0.08,0.01,0.01,0.01,0.92,0.08
396,0.0,0.17,0.63,0.0,0.0,0.08,0.12,0.86,0.13,0.01,0.29,0.01,0.06,0.88,0.12
14,0.0,0.01,0.78,0.0,0.01,0.04,0.15,0.65,0.33,0.02,0.04,0.01,0.02,1.0,0.0
304,0.01,0.01,0.59,0.01,0.01,0.11,0.26,0.48,0.49,0.03,0.02,0.01,0.02,0.99,0.01
145,0.0,0.01,0.08,0.0,0.0,0.01,0.89,0.35,0.58,0.06,0.02,0.01,0.01,1.0,0.0
409,0.0,0.0,0.0,0.0,0.0,0.0,0.99,0.1,0.79,0.1,0.02,0.01,0.01,0.99,0.01
203,0.0,0.01,0.02,0.0,0.0,0.0,0.97,0.25,0.68,0.06,0.12,0.01,0.04,0.08,0.92
541,0.0,0.0,0.0,0.0,0.0,0.0,0.99,0.04,0.65,0.31,0.07,0.01,0.02,0.14,0.86
190,0.0,0.01,0.25,0.0,0.0,0.02,0.71,0.11,0.84,0.05,0.04,0.01,0.02,1.0,0.0
284,0.0,0.0,0.0,0.0,0.0,0.0,0.99,0.08,0.84,0.07,0.03,0.01,0.02,0.02,0.98
533,0.07,0.0,0.0,0.0,0.0,0.0,0.92,0.1,0.78,0.12,0.02,0.0,0.01,1.0,0.0
552,0.01,0.03,0.28,0.0,0.03,0.07,0.57,0.19,0.74,0.07,0.04,0.02,0.03,0.54,0.46
34,0.0,0.0,0.0,0.0,0.0,0.0,0.99,0.2,0.74,0.06,0.02,0.01,0.01,0.99,0.01
592,0.02,0.01,0.25,0.0,0.02,0.03,0.67,0.76,0.21,0.03,0.02,0.01,0.02,0.82,0.18
438,0.0,0.0,0.0,0.0,0.0,0.0,1.0,0.36,0.45,0.19,0.07,0.01,0.03,0.24,0.76
82,0.01,0.0,0.0,0.0,0.0,0.0,0.98,0.04,0.61,0.34,0.02,0.01,0.01,0.99,0.01
282,0.0,0.02,0.85,0.0,0.0,0.06,0.07,0.88,0.1,0.01,0.1,0.01,0.05,0.97,0.03
498,0.0,0.1,0.47,0.01,0.0,0.05,0.37,0.8,0.19,0.01,0.02,0.0,0.01,1.0,0.0
261,0.0,0.0,0.0,0.0,0.0,0.0,0.99,0.08,0.8,0.12,0.03,0.01,0.01,0.56,0.44
218,0.0,0.0,0.0,0.0,0.0,0.0,0.99,0.13,0.81,0.06,0.04,0.01,0.02,0.86,0.14
298,0.01,0.02,0.09,0.0,0.0,0.01,0.86,0.13,0.72,0.15,0.03,0.01,0.01,1.0,0.0
310,0.0,0.0,0.02,0.0,0.0,0.0,0.97,0.07,0.85,0.08,0.02,0.0,0.01,0.99,0.01
206,0.0,0.01,0.03,0.0,0.0,0.0,0.95,0.09,0.81,0.09,0.02,0.01,0.02,0.99,0.01
20,0.0,0.0,0.0,0.0,0.0,0.0,0.99,0.15,0.7,0.14,0.03,0.01,0.02,0.99,0.01
536,0.0,0.0,0.01,0.0,0.0,0.0,0.98,0.15,0.48,0.37,0.02,0.01,0.03,0.35,0.65
485,0.01,0.03,0.02,0.0,0.0,0.0,0.93,0.11,0.82,0.08,0.04,0.01,0.02,0.86,0.14
388,0.0,0.0,0.01,0.0,0.0,0.0,0.99,0.06,0.87,0.07,0.04,0.01,0.02,0.78,0.22
429,0.0,0.0,0.01,0.0,0.0,0.0,0.99,0.34,0.59,0.07,0.02,0.0,0.01,1.0,0.0
510,0.0,0.02,0.22,0.0,0.0,0.03,0.72,0.51,0.41,0.08,0.05,0.0,0.02,1.0,0.0
185,0.0,0.0,0.0,0.0,0.0,0.0,1.0,0.09,0.54,0.38,0.01,0.01,0.01,0.85,0.15
569,0.0,0.0,0.0,0.0,0.0,0.0,0.99,0.13,0.79,0.07,0.02,0.01,0.01,1.0,0.0
499,0.0,0.06,0.85,0.0,0.0,0.08,0.01,0.95,0.05,0.01,0.05,0.0,0.02,1.0,0.0
92,0.01,0.0,0.0,0.0,0.01,0.0,0.98,0.17,0.75,0.07,0.05,0.01,0.02,0.99,0.01
302,0.0,0.04,0.68,0.0,0.0,0.04,0.24,0.91,0.08,0.01,0.07,0.0,0.03,1.0,0.0
465,0.0,0.01,0.23,0.0,0.0,0.02,0.72,0.12,0.78,0.1,0.12,0.01,0.06,0.98,0.02
11,0.01,0.01,0.02,0.0,0.01,0.0,0.96,0.12,0.71,0.17,0.02,0.01,0.01,1.0,0.0
141,0.01,0.0,0.0,0.0,0.0,0.0,0.99,0.07,0.82,0.11,0.02,0.01,0.01,0.84,0.16
546,0.01,0.0,0.0,0.0,0.0,0.0,0.98,0.17,0.76,0.08,0.04,0.0,0.02,0.99,0.01
172,0.0,0.0,0.0,0.0,0.0,0.0,1.0,0.13,0.75,0.12,0.01,0.01,0.01,1.0,0.0
221,0.01,0.0,0.0,0.0,0.0,0.0,0.98,0.03,0.66,0.31,0.02,0.01,0.01,1.0,0.0
331,0.0,0.0,0.91,0.0,0.0,0.07,0.02,0.79,0.19,0.02,0.09,0.0,0.03,0.99,0.01
242,0.03,0.06,0.34,0.01,0.01,0.06,0.48,0.71,0.26,0.03,0.04,0.01,0.02,0.98,0.02
557,0.0,0.0,0.0,0.0,0.0,0.0,0.99,0.07,0.82,0.11,0.02,0.01,0.01,0.98,0.02
515,0.01,0.0,0.01,0.0,0.0,0.0,0.99,0.07,0.78,0.16,0.04,0.01,0.02,0.93,0.07
85,0.02,0.01,0.01,0.0,0.01,0.0,0.95,0.08,0.81,0.12,0.21,0.0,0.06,0.98,0.02
330,0.01,0.02,0.02,0.0,0.0,0.0,0.94,0.21,0.54,0.25,0.08,0.0,0.03,1.0,0.0
550,0.0,0.0,0.0,0.0,0.0,0.0,0.99,0.05,0.74,0.21,0.02,0.01,0.01,0.99,0.01
319,0.01,0.0,0.16,0.0,0.0,0.01,0.82,0.41,0.51,0.08,0.06,0.0,0.02,1.0,0.0
538,0.01,0.0,0.0,0.0,0.0,0.0,0.98,0.13,0.65,0.21,0.1,0.03,0.07,0.97,0.03
561,0.0,0.03,0.82,0.0,0.0,0.1,0.04,0.78,0.19,0.03,0.04,0.01,0.03,0.99,0.01
80,0.0,0.01,0.02,0.0,0.0,0.0,0.96,0.36,0.59,0.05,0.01,0.01,0.01,0.99,0.01
5,0.0,0.02,0.9,0.0,0.0,0.07,0.01,0.98,0.02,0.0,0.19,0.0,0.05,1.0,0.0
586,0.01,0.0,0.05,0.0,0.0,0.0,0.93,0.06,0.85,0.09,0.08,0.0,0.04,0.85,0.15
234,0.0,0.0,0.02,0.0,0.0,0.0,0.96,0.37,0.59,0.03,0.04,0.01,0.02,1.0,0.0
339,0.4,0.0,0.0,0.0,0.0,0.0,0.59,0.02,0.72,0.26,0.03,0.01,0.02,0.97,0.03
408,0.0,0.0,0.0,0.0,0.0,0.0,0.99,0.13,0.53,0.34,0.03,0.0,0.01,1.0,0.0
577,0.0,0.0,0.01,0.0,0.0,0.0,0.99,0.12,0.72,0.15,0.03,0.01,0.02,0.57,0.43
483,0.0,0.02,0.11,0.0,0.0,0.02,0.85,0.19,0.74,0.07,0.02,0.01,0.01,0.99,0.01
368,0.01,0.06,0.21,0.0,0.01,0.03,0.68,0.38,0.47,0.15,0.02,0.0,0.01,0.99,0.01
476,0.0,0.0,0.0,0.0,0.0,0.0,0.99,0.08,0.73,0.19,0.01,0.02,0.01,0.99,0.01
150,0.0,0.0,0.0,0.0,0.0,0.0,0.99,0.05,0.84,0.11,0.02,0.01,0.01,1.0,0.0
537,0.01,0.0,0.0,0.0,0.0,0.0,0.99,0.05,0.84,0.11,0.02,0.01,0.01,0.99,0.01
229,0.0,0.01,0.14,0.0,0.0,0.01,0.84,0.49,0.47,0.04,0.09,0.01,0.05,0.0,1.0
365,0.01,0.0,0.03,0.0,0.0,0.0,0.95,0.05,0.85,0.1,0.09,0.0,0.03,0.36,0.64
110,0.0,0.0,0.01,0.0,0.0,0.0,0.98,0.56,0.41,0.03,0.04,0.01,0.02,1.0,0.0
562,0.01,0.0,0.0,0.0,0.0,0.0,0.98,0.19,0.74,0.07,0.05,0.01,0.03,0.99,0.01
7,0.0,0.01,0.1,0.0,0.01,0.02,0.86,0.26,0.69,0.05,0.02,0.01,0.01,0.95,0.05
402,0.01,0.03,0.81,0.0,0.0,0.11,0.05,0.86,0.12,0.02,0.08,0.01,0.02,1.0,0.0
180,0.0,0.0,0.03,0.0,0.0,0.0,0.96,0.25,0.7,0.06,0.08,0.01,0.03,1.0,0.0
270,0.01,0.0,0.0,0.0,0.0,0.0,0.99,0.08,0.81,0.11,0.02,0.01,0.01,0.97,0.03
416,0.0,0.01,0.03,0.0,0.0,0.0,0.96,0.67,0.27,0.06,0.03,0.01,0.02,1.0,0.0
107,0.02,0.0,0.0,0.0,0.0,0.0,0.98,0.04,0.71,0.25,0.06,0.01,0.02,0.98,0.02
357,0.01,0.0,0.0,0.0,0.0,0.0,0.99,0.05,0.66,0.29,0.02,0.01,0.01,1.0,0.0
49,0.0,0.0,0.0,0.0,0.0,0.0,1.0,0.05,0.79,0.16,0.01,0.01,0.01,1.0,0.0
513,0.0,0.06,0.76,0.0,0.0,0.08,0.1,0.34,0.62,0.04,0.06,0.01,0.04,0.95,0.05
165,0.0,0.0,0.0,0.0,0.0,0.0,0.99,0.11,0.67,0.21,0.02,0.0,0.01,1.0,0.0
140,0.01,0.0,0.07,0.0,0.01,0.01,0.91,0.04,0.83,0.13,0.12,0.01,0.03,0.8,0.2
384,0.0,0.01,0.02,0.0,0.0,0.0,0.97,0.2,0.73,0.08,0.03,0.01,0.02,0.97,0.03
123,0.0,0.0,0.01,0.0,0.0,0.0,0.98,0.42,0.46,0.11,0.04,0.01,0.02,0.99,0.01
53,0.0,0.0,0.01,0.0,0.0,0.0,0.98,0.04,0.82,0.14,0.05,0.0,0.02,1.0,0.0
454,0.01,0.0,0.0,0.0,0.0,0.0,0.99,0.03,0.59,0.37,0.02,0.01,0.01,0.98,0.02
55,0.0,0.0,0.02,0.0,0.0,0.0,0.97,0.12,0.75,0.13,0.02,0.01,0.02,0.95,0.05
352,0.0,0.0,0.01,0.0,0.0,0.0,0.98,0.1,0.86,0.04,0.05,0.01,0.02,0.49,0.51
369,0.0,0.0,0.0,0.0,0.0,0.0,0.99,0.4,0.55,0.05,0.02,0.01,0.02,0.97,0.03
83,0.0,0.01,0.16,0.01,0.02,0.01,0.79,0.19,0.78,0.03,0.02,0.01,0.01,0.98,0.02
79,0.0,0.02,0.29,0.0,0.0,0.02,0.67,0.36,0.6,0.04,0.02,0.0,0.02,1.0,0.0
381,0.0,0.0,0.0,0.0,0.0,0.0,0.99,0.03,0.59,0.38,0.02,0.01,0.01,0.97,0.03
305,0.01,0.0,0.0,0.0,0.0,0.0,0.98,0.19,0.74,0.07,0.05,0.01,0.03,0.98,0.02
458,0.0,0.02,0.92,0.0,0.0,0.04,0.02,0.92,0.07,0.01,0.05,0.01,0.03,1.0,0.0
389,0.01,0.01,0.01,0.0,0.0,0.0,0.96,0.06,0.79,0.14,0.06,0.0,0.02,0.98,0.02
299,0.0,0.03,0.85,0.0,0.0,0.08,0.04,0.92,0.08,0.01,0.53,0.02,0.19,1.0,0.0
139,0.0,0.02,0.05,0.01,0.0,0.0,0.91,0.63,0.28,0.1,0.18,0.01,0.06,1.0,0.0
488,0.0,0.01,0.03,0.0,0.0,0.0,0.95,0.08,0.74,0.18,0.02,0.01,0.01,0.97,0.03
506,0.0,0.01,0.8,0.0,0.0,0.06,0.12,0.77,0.22,0.02,0.16,0.01,0.07,1.0,0.0
64,0.0,0.01,0.01,0.0,0.0,0.0,0.98,0.23,0.68,0.09,0.06,0.01,0.02,0.46,0.54
196,0.01,0.0,0.0,0.0,0.0,0.0,0.98,0.21,0.72,0.07,0.04,0.0,0.02,0.99,0.01
317,0.01,0.0,0.02,0.0,0.0,0.0,0.96,0.09,0.7,0.21,0.02,0.01,0.02,0.99,0.01
93,0.0,0.01,0.88,0.0,0.0,0.05,0.06,0.65,0.31,0.04,0.06,0.01,0.04,0.09,0.91
269,0.0,0.0,0.92,0.0,0.0,0.07,0.0,0.91,0.08,0.01,0.15,0.01,0.07,1.0,0.0
470,0.0,0.0,0.0,0.0,0.0,0.0,0.99,0.11,0.83,0.06,0.03,0.01,0.01,0.71,0.29
164,0.0,0.0,0.0,0.0,0.0,0.0,1.0,0.13,0.68,0.19,0.01,0.01,0.01,0.99,0.01
25,0.01,0.0,0.0,0.0,0.0,0.0,0.99,0.08,0.8,0.13,0.03,0.01,0.01,0.99,0.01
380,0.0,0.0,0.01,0.0,0.0,0.0,0.99,0.24,0.72,0.04,0.08,0.01,0.04,0.99,0.01
393,0.0,0.01,0.02,0.0,0.0,0.0,0.97,0.24,0.7,0.06,0.02,0.01,0.02,0.99,0.01
63,0.0,0.02,0.8,0.0,0.0,0.08,0.08,0.68,0.3,0.02,0.06,0.0,0.02,1.0,0.0
17,0.01,0.01,0.43,0.0,0.03,0.05,0.47,0.35,0.61,0.04,0.02,0.01,0.01,0.39,0.61
191,0.0,0.02,0.01,0.0,0.01,0.0,0.96,0.67,0.32,0.02,0.06,0.01,0.02,0.99,0.01
232,0.0,0.01,0.23,0.0,0.01,0.04,0.7,0.86,0.11,0.03,0.02,0.01,0.01,1.0,0.0
16,0.01,0.01,0.02,0.0,0.0,0.0,0.95,0.11,0.79,0.11,0.02,0.01,0.01,0.99,0.01
423,0.0,0.0,0.0,0.0,0.0,0.0,0.99,0.28,0.69,0.03,0.04,0.01,0.02,0.04,0.96
48,0.0,0.1,0.68,0.01,0.0,0.08,0.13,0.9,0.09,0.01,0.06,0.0,0.03,1.0,0.0
564,0.0,0.0,0.0,0.0,0.0,0.0,0.99,0.09,0.86,0.05,0.03,0.01,0.02,0.87,0.13
445,0.01,0.0,0.0,0.0,0.0,0.0,0.98,0.18,0.75,0.07,0.04,0.0,0.02,0.99,0.01
340,0.0,0.01,0.25,0.0,0.01,0.03,0.7,0.12,0.74,0.14,0.03,0.01,0.02,0.84,0.16
531,0.0,0.01,0.02,0.0,0.0,0.0,0.97,0.24,0.7,0.06,0.02,0.01,0.02,0.99,0.01
312,0.03,0.05,0.02,0.0,0.01,0.01,0.88,0.44,0.46,0.1,0.11,0.03,0.04,0.45,0.55
26,0.0,0.0,0.0,0.0,0.0,0.0,0.99,0.07,0.85,0.08,0.01,0.01,0.01,1.0,0.0
473,0.12,0.22,0.12,0.08,0.14,0.09,0.24,0.21,0.29,0.5,0.6,0.54,0.48,0.69,0.31
582,0.0,0.0,0.0,0.0,0.0,0.0,0.99,0.25,0.63,0.13,0.01,0.01,0.01,0.91,0.09
356,0.0,0.01,0.16,0.0,0.01,0.01,0.8,0.14,0.82,0.04,0.03,0.01,0.02,1.0,0.0
181,0.01,0.0,0.04,0.0,0.0,0.0,0.94,0.52,0.41,0.07,0.04,0.01,0.03,1.0,0.0
101,0.0,0.0,0.0,0.0,0.0,0.0,1.0,0.16,0.51,0.33,0.02,0.02,0.02,0.92,0.08
87,0.0,0.03,0.88,0.0,0.0,0.06,0.03,0.95,0.05,0.0,0.26,0.01,0.09,1.0,0.0
148,0.01,0.0,0.0,0.0,0.0,0.0,0.99,0.11,0.82,0.07,0.04,0.01,0.02,0.0,1.0
271,0.0,0.0,0.0,0.0,0.0,0.0,0.99,0.09,0.83,0.07,0.02,0.01,0.01,1.0,0.0
333,0.01,0.0,0.0,0.0,0.0,0.0,0.99,0.06,0.75,0.19,0.04,0.02,0.02,0.99,0.01
52,0.01,0.0,0.03,0.0,0.0,0.0,0.95,0.15,0.66,0.19,0.02,0.01,0.02,0.26,0.74
171,0.0,0.02,0.04,0.0,0.0,0.01,0.92,0.4,0.57,0.02,0.02,0.0,0.01,1.0,0.0
86,0.15,0.0,0.01,0.0,0.0,0.0,0.84,0.08,0.76,0.16,0.08,0.01,0.03,0.9,0.1
441,0.0,0.0,0.0,0.0,0.0,0.0,0.99,0.16,0.76,0.08,0.01,0.01,0.01,0.99,0.01
401,0.0,0.0,0.0,0.0,0.0,0.0,0.99,0.17,0.7,0.13,0.02,0.01,0.01,0.99,0.01
24,0.0,0.0,0.01,0.0,0.0,0.0,0.98,0.13,0.81,0.07,0.01,0.01,0.01,0.5,0.5
132,0.01,0.02,0.02,0.0,0.0,0.0,0.95,0.36,0.34,0.3,0.1,0.01,0.04,0.89,0.11
547,0.0,0.0,0.01,0.0,0.0,0.0,0.98,0.1,0.84,0.06,0.07,0.01,0.02,0.37,0.63
504,0.01,0.01,0.03,0.0,0.0,0.0,0.95,0.28,0.68,0.05,0.03,0.0,0.01,0.97,0.03
281,0.0,0.02,0.59,0.0,0.01,0.05,0.33,0.59,0.38,0.02,0.03,0.01,0.02,0.98,0.02
511,0.0,0.0,0.0,0.0,0.0,0.0,0.99,0.26,0.71,0.03,0.01,0.01,0.01,0.95,0.05
274,0.0,0.0,0.01,0.0,0.0,0.0,0.98,0.12,0.76,0.12,0.03,0.01,0.02,1.0,0.0
222,0.0,0.0,0.01,0.0,0.0,0.0,0.98,0.16,0.77,0.07,0.02,0.01,0.01,1.0,0.0
204,0.0,0.0,0.0,0.0,0.0,0.0,0.99,0.09,0.85,0.06,0.05,0.01,0.02,0.17,0.83
351,0.0,0.0,0.0,0.0,0.0,0.0,0.99,0.06,0.88,0.06,0.01,0.01,0.01,1.0,0.0
228,0.0,0.0,0.0,0.0,0.0,0.0,0.99,0.18,0.71,0.11,0.01,0.01,0.01,1.0,0.0
549,0.0,0.06,0.08,0.0,0.0,0.01,0.85,0.76,0.22,0.03,0.72,0.01,0.23,1.0,0.0
192,0.0,0.01,0.01,0.0,0.0,0.0,0.97,0.52,0.42,0.07,0.05,0.01,0.03,1.0,0.0
51,0.01,0.03,0.04,0.0,0.0,0.0,0.92,0.3,0.64,0.06,0.05,0.0,0.02,0.19,0.81
38,0.01,0.02,0.37,0.0,0.01,0.04,0.54,0.09,0.85,0.05,0.03,0.0,0.01,0.78,0.22
167,0.0,0.0,0.04,0.0,0.0,0.0,0.95,0.13,0.81,0.06,0.11,0.0,0.05,0.98,0.02
303,0.0,0.0,0.92,0.0,0.0,0.06,0.01,0.86,0.14,0.01,0.03,0.0,0.02,0.54,0.46
91,0.8,0.0,0.0,0.0,0.0,0.0,0.2,0.05,0.57,0.38,0.04,0.01,0.02,0.0,1.0
516,0.0,0.0,0.01,0.0,0.0,0.0,0.98,0.06,0.83,0.11,0.02,0.01,0.01,0.99,0.01
372,0.0,0.0,0.0,0.0,0.0,0.0,0.99,0.11,0.81,0.07,0.02,0.0,0.01,0.93,0.07
568,0.0,0.0,0.0,0.0,0.0,0.0,0.99,0.15,0.76,0.09,0.03,0.01,0.02,1.0,0.0
280,0.0,0.0,0.01,0.0,0.0,0.0,0.98,0.14,0.79,0.07,0.06,0.01,0.02,1.0,0.0
97,0.0,0.0,0.02,0.0,0.0,0.0,0.97,0.17,0.78,0.05,0.02,0.01,0.01,1.0,0.0
163,0.01,0.0,0.0,0.0,0.0,0.0,0.99,0.13,0.7,0.17,0.02,0.01,0.01,0.99,0.01
493,0.0,0.1,0.03,0.02,0.0,0.01,0.83,0.94,0.05,0.01,0.03,0.01,0.02,1.0,0.0
43,0.0,0.04,0.15,0.01,0.0,0.03,0.77,0.74,0.24,0.02,0.05,0.0,0.03,1.0,0.0
62,0.0,0.0,0.0,0.0,0.0,0.0,0.99,0.07,0.85,0.08,0.03,0.01,0.02,0.98,0.02
383,0.0,0.0,0.0,0.0,0.0,0.0,0.99,0.13,0.67,0.21,0.04,0.01,0.02,0.48,0.52
354,0.0,0.03,0.06,0.0,0.0,0.02,0.89,0.09,0.78,0.13,0.01,0.01,0.01,0.4,0.6
170,0.0,0.01,0.02,0.0,0.0,0.0,0.97,0.29,0.67,0.03,0.03,0.0,0.01,1.0,0.0
472,0.0,0.0,0.06,0.0,0.0,0.0,0.92,0.09,0.87,0.04,0.03,0.01,0.01,0.99,0.01
227,0.0,0.01,0.08,0.0,0.0,0.01,0.89,0.16,0.81,0.03,0.04,0.0,0.02,0.96,0.04
56,0.01,0.13,0.27,0.0,0.01,0.1,0.48,0.73,0.25,0.02,0.05,0.01,0.03,0.97,0.03
193,0.0,0.0,0.0,0.0,0.0,0.0,0.99,0.03,0.9,0.07,0.04,0.01,0.02,0.49,0.51
119,0.0,0.0,0.0,0.0,0.0,0.0,1.0,0.05,0.73,0.22,0.07,0.01,0.03,0.88,0.12
349,0.0,0.01,0.03,0.0,0.0,0.01,0.94,0.32,0.63,0.06,0.03,0.0,0.02,0.96,0.04
442,0.0,0.01,0.05,0.0,0.0,0.01,0.93,0.42,0.55,0.03,0.01,0.01,0.01,0.98,0.02
47,0.0,0.01,0.14,0.0,0.0,0.01,0.84,0.02,0.48,0.5,0.03,0.0,0.02,0.9,0.1
447,0.0,0.02,0.08,0.0,0.0,0.01,0.88,0.13,0.79,0.08,0.02,0.01,0.01,0.94,0.06
505,0.0,0.0,0.0,0.0,0.0,0.0,0.99,0.09,0.82,0.09,0.02,0.01,0.01,0.95,0.05
439,0.0,0.03,0.47,0.0,0.0,0.02,0.48,0.23,0.73,0.04,0.1,0.01,0.03,0.76,0.24
104,0.0,0.0,0.0,0.0,0.0,0.0,1.0,0.15,0.65,0.2,0.03,0.01,0.02,0.99,0.01
453,0.0,0.04,0.44,0.0,0.0,0.04,0.47,0.4,0.56,0.04,0.04,0.0,0.02,0.95,0.05
286,0.0,0.01,0.17,0.0,0.01,0.02,0.78,0.21,0.7,0.1,0.04,0.01,0.03,0.93,0.07
567,0.0,0.0,0.0,0.0,0.0,0.0,0.99,0.06,0.79,0.15,0.01,0.01,0.01,1.0,0.0
360,0.0,0.0,0.01,0.0,0.0,0.0,0.99,0.12,0.63,0.25,0.06,0.01,0.02,1.0,0.0
456,0.01,0.0,0.0,0.0,0.01,0.0,0.98,0.18,0.74,0.08,0.04,0.0,0.02,0.99,0.01
22,0.2,0.0,0.0,0.0,0.0,0.0,0.79,0.06,0.6,0.34,0.01,0.01,0.01,1.0,0.0
461,0.0,0.0,0.0,0.0,0.0,0.0,0.99,0.12,0.78,0.09,0.01,0.01,0.01,1.0,0.0
316,0.0,0.16,0.66,0.0,0.0,0.06,0.11,0.86,0.13,0.01,0.46,0.01,0.1,0.43,0.57
268,0.01,0.01,0.32,0.0,0.01,0.03,0.63,0.49,0.46,0.05,0.02,0.0,0.01,0.99,0.01
116,0.01,0.11,0.27,0.01,0.0,0.07,0.54,0.82,0.16,0.01,0.04,0.0,0.02,1.0,0.0
410,0.0,0.0,0.0,0.0,0.0,0.0,1.0,0.18,0.68,0.14,0.01,0.01,0.01,0.97,0.03
337,0.02,0.0,0.0,0.0,0.0,0.0,0.98,0.05,0.79,0.16,0.02,0.01,0.01,0.99,0.01
130,0.0,0.0,0.01,0.0,0.0,0.0,0.98,0.2,0.74,0.06,0.04,0.01,0.02,1.0,0.0
415,0.0,0.0,0.0,0.0,0.0,0.0,1.0,0.08,0.72,0.2,0.02,0.01,0.02,1.0,0.0
210,0.0,0.02,0.84,0.0,0.0,0.05,0.09,0.93,0.07,0.0,0.05,0.0,0.03,1.0,0.0
195,0.0,0.01,0.05,0.0,0.0,0.0,0.94,0.27,0.69,0.04,0.02,0.01,0.02,0.48,0.52
23,0.0,0.02,0.05,0.0,0.0,0.01,0.92,0.41,0.56,0.03,0.04,0.0,0.01,1.0,0.0
309,0.01,0.02,0.46,0.02,0.03,0.03,0.44,0.14,0.75,0.11,0.2,0.01,0.06,0.99,0.01
512,0.0,0.0,0.0,0.0,0.0,0.0,0.99,0.08,0.84,0.08,0.01,0.01,0.01,0.95,0.05
382,0.0,0.03,0.83,0.0,0.0,0.05,0.08,0.43,0.55,0.02,0.29,0.01,0.1,0.96,0.04
593,0.01,0.0,0.02,0.0,0.0,0.0,0.97,0.18,0.74,0.08,0.01,0.01,0.01,0.41,0.59
350,0.0,0.0,0.0,0.0,0.0,0.0,0.99,0.58,0.32,0.09,0.02,0.0,0.01,0.99,0.01
225,0.0,0.01,0.14,0.0,0.01,0.01,0.83,0.08,0.86,0.06,0.03,0.01,0.01,0.99,0.01
211,0.0,0.01,0.01,0.0,0.0,0.0,0.98,0.14,0.73,0.14,0.04,0.01,0.03,0.8,0.2
494,0.0,0.01,0.14,0.0,0.0,0.01,0.83,0.2,0.75,0.05,0.03,0.0,0.02,0.81,0.19
260,0.0,0.01,0.41,0.0,0.0,0.02,0.55,0.15,0.81,0.04,0.15,0.01,0.07,0.97,0.03
68,0.01,0.0,0.01,0.0,0.0,0.0,0.97,0.11,0.72,0.16,0.04,0.01,0.03,0.84,0.16
371,0.0,0.0,0.01,0.0,0.0,0.0,0.98,0.34,0.62,0.04,0.32,0.01,0.05,0.95,0.05
178,0.0,0.02,0.42,0.01,0.01,0.05,0.5,0.35,0.63,0.02,0.06,0.0,0.02,0.99,0.01
138,0.0,0.01,0.1,0.0,0.0,0.01,0.88,0.07,0.87,0.06,0.03,0.01,0.02,0.88,0.12
468,0.0,0.01,0.02,0.0,0.0,0.0,0.97,0.24,0.7,0.06,0.02,0.01,0.02,0.99,0.01
390,0.0,0.0,0.0,0.0,0.0,0.0,0.99,0.07,0.74,0.19,0.02,0.01,0.01,1.0,0.0
413,0.0,0.03,0.01,0.0,0.0,0.0,0.95,0.34,0.62,0.04,0.04,0.0,0.02,1.0,0.0
320,0.0,0.0,0.07,0.0,0.0,0.01,0.92,0.17,0.77,0.06,0.03,0.01,0.02,0.99,0.01
507,0.0,0.01,0.92,0.0,0.0,0.06,0.01,0.58,0.41,0.02,0.28,0.01,0.09,0.97,0.03
452,0.0,0.01,0.12,0.0,0.0,0.01,0.86,0.14,0.77,0.09,0.02,0.0,0.01,0.99,0.01
385,0.0,0.0,0.01,0.0,0.0,0.0,0.98,0.27,0.63,0.1,0.06,0.01,0.03,0.99,0.01
411,0.0,0.01,0.03,0.0,0.0,0.0,0.95,0.15,0.76,0.09,0.02,0.0,0.01,1.0,0.0
202,0.0,0.0,0.0,0.0,0.0,0.0,0.99,0.1,0.82,0.08,0.02,0.01,0.01,1.0,0.0
233,0.0,0.0,0.0,0.0,0.0,0.0,0.99,0.12,0.77,0.11,0.05,0.02,0.02,0.73,0.27
262,0.0,0.0,0.02,0.0,0.0,0.0,0.97,0.09,0.85,0.06,0.05,0.01,0.02,0.96,0.04
545,0.0,0.0,0.0,0.0,0.0,0.0,0.99,0.08,0.66,0.26,0.01,0.01,0.01,1.0,0.0
294,0.01,0.02,0.44,0.0,0.01,0.02,0.51,0.28,0.69,0.03,0.08,0.01,0.04,0.36,0.64
376,0.0,0.0,0.0,0.0,0.0,0.0,1.0,0.08,0.78,0.14,0.02,0.01,0.01,1.0,0.0
251,0.0,0.05,0.1,0.0,0.0,0.01,0.83,0.61,0.37,0.02,0.03,0.0,0.01,1.0,0.0
32,0.0,0.01,0.11,0.0,0.0,0.01,0.86,0.08,0.87,0.05,0.02,0.01,0.01,0.47,0.53
428,0.0,0.0,0.0,0.0,0.0,0.0,1.0,0.21,0.66,0.14,0.01,0.01,0.01,0.92,0.08
112,0.0,0.0,0.0,0.0,0.0,0.0,0.99,0.14,0.72,0.14,0.02,0.0,0.01,1.0,0.0
574,0.01,0.01,0.34,0.0,0.01,0.04,0.59,0.46,0.47,0.07,0.06,0.01,0.03,0.55,0.45
300,0.0,0.01,0.16,0.0,0.0,0.01,0.8,0.3,0.66,0.04,0.04,0.01,0.02,0.88,0.12
153,0.0,0.03,0.1,0.0,0.0,0.01,0.85,0.62,0.36,0.02,0.03,0.0,0.02,0.98,0.02
60,0.0,0.01,0.19,0.0,0.0,0.02,0.77,0.09,0.83,0.07,0.03,0.01,0.02,0.97,0.03
243,0.0,0.0,0.01,0.0,0.0,0.0,0.99,0.06,0.78,0.17,0.02,0.01,0.01,1.0,0.0
496,0.0,0.0,0.0,0.0,0.0,0.0,0.99,0.12,0.83,0.05,0.02,0.01,0.01,0.96,0.04
176,0.0,0.01,0.03,0.0,0.0,0.0,0.96,0.19,0.76,0.05,0.04,0.01,0.02,0.98,0.02
182,0.0,0.01,0.83,0.0,0.0,0.15,0.01,0.71,0.27,0.01,0.08,0.01,0.03,1.0,0.0
334,0.0,0.0,0.0,0.0,0.0,0.0,0.99,0.11,0.75,0.15,0.01,0.01,0.01,0.61,0.39
158,0.0,0.0,0.01,0.0,0.0,0.0,0.98,0.38,0.58,0.04,0.04,0.0,0.02,1.0,0.0
325,0.0,0.0,0.0,0.0,0.0,0.0,0.99,0.14,0.71,0.15,0.01,0.01,0.01,1.0,0.0
479,0.0,0.0,0.0,0.0,0.0,0.0,0.99,0.11,0.61,0.28,0.02,0.01,0.01,0.97,0.03
469,0.0,0.0,0.0,0.0,0.0,0.0,0.99,0.1,0.85,0.05,0.02,0.01,0.01,0.95,0.05
386,0.0,0.0,0.0,0.0,0.0,0.0,0.99,0.1,0.71,0.18,0.03,0.01,0.02,1.0,0.0
58,0.01,0.0,0.0,0.0,0.01,0.0,0.98,0.18,0.76,0.06,0.03,0.0,0.02,0.99,0.01
554,0.0,0.0,0.0,0.0,0.0,0.0,0.99,0.15,0.71,0.14,0.02,0.01,0.01,0.99,0.01
480,0.0,0.03,0.63,0.0,0.01,0.04,0.29,0.43,0.48,0.08,0.04,0.02,0.03,0.35,0.65
30,0.0,0.01,0.13,0.0,0.0,0.01,0.84,0.33,0.61,0.06,0.04,0.01,0.03,0.98,0.02
559,0.0,0.02,0.45,0.0,0.01,0.04,0.48,0.34,0.63,0.03,0.1,0.01,0.05,0.96,0.04
450,0.0,0.01,0.02,0.0,0.0,0.0,0.97,0.24,0.7,0.06,0.02,0.01,0.02,0.99,0.01
446,0.0,0.0,0.0,0.0,0.0,0.0,0.99,0.1,0.83,0.08,0.02,0.01,0.01,0.98,0.02
283,0.0,0.02,0.5,0.0,0.0,0.05,0.42,0.74,0.25,0.01,0.02,0.0,0.01,0.99,0.01
89,0.01,0.0,0.0,0.0,0.0,0.0,0.99,0.09,0.64,0.26,0.02,0.01,0.01,0.06,0.94
113,0.0,0.01,0.04,0.0,0.0,0.0,0.95,0.24,0.67,0.09,0.03,0.01,0.02,1.0,0.0
348,0.01,0.0,0.0,0.0,0.0,0.0,0.98,0.06,0.81,0.13,0.02,0.01,0.01,0.97,0.03
33,0.0,0.02,0.19,0.0,0.01,0.01,0.76,0.36,0.61,0.03,0.05,0.01,0.03,0.99,0.01
342,0.0,0.02,0.9,0.0,0.0,0.06,0.02,0.9,0.09,0.01,0.19,0.01,0.06,1.0,0.0
474,0.0,0.01,0.01,0.0,0.0,0.0,0.96,0.08,0.86,0.06,0.02,0.01,0.01,0.51,0.49
144,0.0,0.01,0.01,0.0,0.0,0.0,0.97,0.44,0.51,0.05,0.1,0.01,0.03,0.59,0.41
133,0.0,0.01,0.11,0.0,0.0,0.01,0.86,0.16,0.81,0.04,0.02,0.01,0.02,0.99,0.01
146,0.01,0.02,0.13,0.0,0.01,0.02,0.82,0.2,0.62,0.19,0.05,0.01,0.04,0.6,0.4
422,0.0,0.0,0.0,0.0,0.0,0.0,0.99,0.07,0.85,0.07,0.02,0.01,0.01,1.0,0.0
366,0.0,0.03,0.74,0.0,0.0,0.03,0.19,0.35,0.57,0.08,0.02,0.0,0.01,0.97,0.03
327,0.0,0.0,0.0,0.0,0.0,0.0,0.99,0.07,0.8,0.14,0.02,0.01,0.01,1.0,0.0
326,0.01,0.02,0.34,0.0,0.02,0.02,0.59,0.17,0.57,0.26,0.04,0.01,0.02,0.94,0.06
596,0.03,0.02,0.4,0.0,0.01,0.06,0.48,0.66,0.29,0.05,0.08,0.01,0.04,0.98,0.02
451,0.0,0.0,0.0,0.0,0.0,0.0,0.99,0.05,0.81,0.14,0.07,0.01,0.03,0.77,0.23
151,0.0,0.0,0.01,0.0,0.0,0.0,0.98,0.15,0.79,0.07,0.02,0.01,0.02,1.0,0.0
179,0.02,0.0,0.0,0.0,0.0,0.0,0.97,0.05,0.71,0.24,0.02,0.01,0.01,0.99,0.01
8,0.01,0.01,0.01,0.0,0.0,0.0,0.96,0.2,0.67,0.13,0.05,0.01,0.02,0.21,0.79
188,0.02,0.0,0.0,0.0,0.0,0.0,0.98,0.04,0.64,0.32,0.03,0.01,0.02,0.89,0.11
463,0.01,0.0,0.0,0.0,0.0,0.0,0.98,0.14,0.63,0.23,0.03,0.01,0.02,1.0,0.0
580,0.0,0.0,0.04,0.0,0.0,0.0,0.95,0.41,0.55,0.04,0.05,0.01,0.03,1.0,0.0
328,0.01,0.0,0.0,0.0,0.0,0.0,0.99,0.02,0.43,0.54,0.03,0.01,0.01,0.0,1.0
231,0.0,0.0,0.02,0.0,0.0,0.0,0.96,0.1,0.82,0.09,0.03,0.01,0.01,1.0,0.0
490,0.19,0.0,0.0,0.0,0.0,0.0,0.81,0.02,0.48,0.5,0.01,0.01,0.01,0.97,0.03
78,0.0,0.01,0.03,0.0,0.0,0.0,0.95,0.11,0.76,0.13,0.04,0.01,0.02,0.93,0.07
529,0.0,0.0,0.0,0.0,0.0,0.0,0.99,0.09,0.85,0.07,0.05,0.01,0.02,0.99,0.01
109,0.0,0.0,0.01,0.0,0.0,0.0,0.99,0.06,0.88,0.05,0.02,0.01,0.01,0.67,0.33
273,0.0,0.03,0.74,0.0,0.0,0.07,0.16,0.85,0.13,0.01,0.05,0.0,0.02,1.0,0.0
467,0.0,0.0,0.0,0.0,0.0,0.0,1.0,0.07,0.85,0.07,0.02,0.01,0.01,0.34,0.66
502,0.0,0.0,0.03,0.0,0.0,0.01,0.95,0.43,0.53,0.04,0.02,0.01,0.01,1.0,0.0
42,0.0,0.0,0.0,0.0,0.0,0.0,1.0,0.08,0.71,0.22,0.05,0.01,0.03,0.87,0.13
287,0.0,0.0,0.02,0.0,0.0,0.0,0.97,0.19,0.79,0.02,0.04,0.01,0.02,0.97,0.03
250,0.01,0.13,0.27,0.0,0.0,0.05,0.53,0.42,0.52,0.06,0.1,0.02,0.04,0.99,0.01
425,0.0,0.0,0.01,0.0,0.0,0.0,0.99,0.06,0.82,0.12,0.07,0.01,0.03,0.28,0.72
212,0.0,0.02,0.07,0.0,0.0,0.01,0.9,0.39,0.57,0.04,0.09,0.01,0.04,1.0,0.0
353,0.0,0.28,0.16,0.01,0.0,0.03,0.52,0.9,0.09,0.01,0.06,0.0,0.03,1.0,0.0
405,0.0,0.01,0.78,0.0,0.0,0.05,0.15,0.42,0.54,0.04,0.04,0.01,0.03,0.8,0.2
583,0.0,0.01,0.02,0.0,0.0,0.0,0.97,0.24,0.7,0.06,0.02,0.01,0.02,0.99,0.01
432,0.0,0.0,0.0,0.0,0.0,0.0,0.99,0.18,0.74,0.08,0.02,0.01,0.01,0.98,0.02
240,0.0,0.0,0.01,0.0,0.0,0.0,0.98,0.13,0.81,0.07,0.02,0.01,0.01,1.0,0.0
539,0.01,0.0,0.0,0.0,0.0,0.0,0.99,0.05,0.84,0.1,0.02,0.01,0.01,0.97,0.03
404,0.0,0.0,0.0,0.0,0.0,0.0,0.99,0.08,0.85,0.07,0.03,0.01,0.01,1.0,0.0
111,0.0,0.01,0.21,0.0,0.01,0.03,0.74,0.16,0.58,0.26,0.05,0.02,0.03,0.96,0.04
548,0.0,0.01,0.69,0.0,0.0,0.04,0.25,0.41,0.55,0.03,0.03,0.01,0.02,0.99,0.01
265,0.0,0.0,0.0,0.0,0.0,0.0,1.0,0.05,0.66,0.29,0.02,0.01,0.02,0.99,0.01
581,0.0,0.01,0.07,0.0,0.0,0.01,0.91,0.51,0.42,0.07,0.05,0.0,0.03,1.0,0.0
544,0.0,0.0,0.01,0.0,0.0,0.0,0.99,0.19,0.76,0.05,0.02,0.01,0.02,0.99,0.01
338,0.0,0.0,0.0,0.0,0.0,0.0,1.0,0.05,0.75,0.2,0.01,0.01,0.01,0.83,0.17
46,0.0,0.02,0.42,0.0,0.01,0.03,0.51,0.61,0.37,0.02,0.02,0.0,0.01,1.0,0.0
594,0.01,0.0,0.0,0.0,0.0,0.0,0.98,0.16,0.6,0.23,0.04,0.02,0.02,0.99,0.01
237,0.0,0.02,0.22,0.0,0.0,0.03,0.72,0.32,0.63,0.05,0.05,0.0,0.02,0.99,0.01
103,0.0,0.04,0.63,0.0,0.0,0.06,0.26,0.65,0.31,0.05,0.03,0.0,0.02,1.0,0.0
209,0.0,0.0,0.0,0.0,0.0,0.0,0.99,0.24,0.49,0.27,0.02,0.01,0.02,0.99,0.01
395,0.02,0.01,0.01,0.0,0.0,0.0,0.96,0.04,0.78,0.18,0.04,0.01,0.01,0.84,0.16
186,0.0,0.01,0.04,0.0,0.0,0.01,0.94,0.11,0.81,0.08,0.03,0.01,0.02,0.63,0.37
417,0.0,0.0,0.0,0.0,0.0,0.0,0.99,0.21,0.49,0.3,0.02,0.0,0.01,1.0,0.0
449,0.0,0.04,0.62,0.02,0.0,0.08,0.24,0.29,0.68,0.03,0.23,0.01,0.07,1.0,0.0
427,0.0,0.0,0.01,0.0,0.01,0.0,0.98,0.43,0.52,0.05,0.04,0.01,0.02,0.97,0.03
278,0.0,0.08,0.37,0.0,0.0,0.03,0.51,0.63,0.35,0.02,0.04,0.0,0.02,1.0,0.0
21,0.0,0.01,0.03,0.0,0.0,0.0,0.96,0.12,0.72,0.15,0.03,0.01,0.02,0.95,0.05
259,0.0,0.01,0.01,0.0,0.0,0.0,0.97,0.1,0.86,0.04,0.1,0.02,0.06,0.72,0.28
495,0.0,0.0,0.0,0.0,0.0,0.0,0.99,0.15,0.78,0.08,0.05,0.0,0.03,1.0,0.0
318,0.0,0.04,0.44,0.01,0.0,0.06,0.45,0.8,0.18,0.02,0.2,0.01,0.08,1.0,0.0
194,0.0,0.02,0.29,0.0,0.0,0.02,0.67,0.36,0.6,0.04,0.02,0.0,0.02,1.0,0.0
267,0.0,0.02,0.64,0.0,0.0,0.07,0.26,0.33,0.58,0.08,0.08,0.01,0.04,0.41,0.59
508,0.0,0.0,0.01,0.0,0.0,0.0,0.98,0.34,0.62,0.04,0.02,0.01,0.02,0.99,0.01
419,0.0,0.0,0.0,0.0,0.0,0.0,1.0,0.07,0.67,0.26,0.03,0.01,0.01,1.0,0.0
102,0.0,0.0,0.0,0.0,0.0,0.0,0.99,0.14,0.71,0.15,0.01,0.0,0.01,1.0,0.0
475,0.0,0.0,0.0,0.0,0.0,0.0,0.99,0.23,0.71,0.06,0.02,0.01,0.01,0.99,0.01
135,0.0,0.06,0.34,0.0,0.01,0.03,0.56,0.59,0.38,0.03,0.27,0.01,0.08,0.94,0.06
65,0.0,0.02,0.05,0.0,0.0,0.0,0.92,0.63,0.34,0.03,0.13,0.0,0.05,1.0,0.0
254,0.0,0.01,0.09,0.0,0.0,0.01,0.89,0.14,0.7,0.16,0.07,0.01,0.03,0.98,0.02
54,0.0,0.12,0.01,0.0,0.0,0.0,0.86,0.9,0.09,0.01,0.04,0.01,0.02,0.96,0.04
230,0.0,0.01,0.04,0.0,0.0,0.0,0.94,0.15,0.76,0.08,0.11,0.01,0.04,0.42,0.58
524,0.0,0.0,0.0,0.0,0.0,0.0,0.99,0.06,0.89,0.06,0.07,0.01,0.03,0.22,0.78
313,0.0,0.02,0.02,0.0,0.0,0.0,0.96,0.24,0.65,0.11,0.02,0.0,0.01,1.0,0.0
77,0.0,0.0,0.02,0.0,0.0,0.0,0.97,0.36,0.61,0.03,0.04,0.01,0.03,1.0,0.0
244,0.0,0.0,0.01,0.0,0.0,0.0,0.98,0.12,0.81,0.06,0.03,0.0,0.01,0.94,0.06
367,0.0,0.0,0.0,0.0,0.0,0.0,1.0,0.08,0.63,0.29,0.03,0.01,0.02,1.0,0.0
285,0.0,0.04,0.86,0.0,0.0,0.06,0.03,0.81,0.18,0.01,0.25,0.0,0.08,0.91,0.09
315,0.01,0.0,0.01,0.0,0.0,0.0,0.97,0.35,0.5,0.15,0.09,0.0,0.03,0.96,0.04
272,0.0,0.0,0.0,0.0,0.0,0.0,0.99,0.12,0.83,0.05,0.03,0.01,0.02,0.99,0.01
492,0.0,0.01,0.01,0.0,0.0,0.0,0.98,0.23,0.73,0.04,0.06,0.01,0.02,0.95,0.05
50,0.01,0.01,0.46,0.01,0.05,0.09,0.37,0.37,0.57,0.06,0.02,0.01,0.01,0.98,0.02
443,0.0,0.0,0.0,0.0,0.0,0.0,0.99,0.08,0.7,0.22,0.03,0.01,0.02,0.99,0.01
403,0.0,0.0,0.0,0.0,0.0,0.0,0.99,0.13,0.6,0.27,0.01,0.01,0.01,1.0,0.0
122,0.0,0.01,0.06,0.0,0.01,0.01,0.92,0.15,0.73,0.12,0.03,0.01,0.02,0.73,0.27
39,0.0,0.01,0.08,0.0,0.01,0.01,0.89,0.24,0.73,0.03,0.03,0.01,0.02,0.98,0.02
482,0.0,0.01,0.42,0.0,0.01,0.03,0.51,0.17,0.76,0.07,0.07,0.02,0.03,0.99,0.01
370,0.0,0.01,0.02,0.0,0.0,0.0,0.97,0.24,0.7,0.06,0.02,0.01,0.02,0.99,0.01
253,0.0,0.0,0.02,0.0,0.0,0.0,0.97,0.14,0.81,0.05,0.04,0.01,0.02,0.35,0.65
108,0.0,0.0,0.0,0.0,0.0,0.0,0.99,0.1,0.78,0.12,0.05,0.0,0.02,0.82,0.18
566,0.0,0.0,0.0,0.0,0.0,0.0,0.99,0.08,0.8,0.12,0.03,0.01,0.01,1.0,0.0
129,0.0,0.01,0.04,0.0,0.0,0.01,0.94,0.18,0.74,0.08,0.07,0.02,0.03,0.91,0.09
88,0.0,0.01,0.9,0.0,0.0,0.07,0.02,0.93,0.06,0.01,0.05,0.0,0.02,1.0,0.0
532,0.0,0.0,0.01,0.0,0.0,0.0,0.99,0.09,0.84,0.08,0.05,0.01,0.03,0.89,0.11
399,0.0,0.0,0.0,0.0,0.0,0.0,0.99,0.27,0.65,0.08,0.11,0.01,0.04,0.99,0.01
407,0.11,0.0,0.0,0.0,0.0,0.0,0.88,0.12,0.52,0.36,0.01,0.01,0.01,0.98,0.02
257,0.0,0.0,0.0,0.0,0.0,0.0,0.99,0.09,0.82,0.09,0.03,0.0,0.01,0.83,0.17
573,0.02,0.0,0.13,0.0,0.03,0.02,0.8,0.22,0.69,0.09,0.02,0.01,0.02,0.06,0.94
565,0.01,0.01,0.03,0.0,0.01,0.01,0.93,0.14,0.77,0.09,0.14,0.01,0.06,0.98,0.02
308,0.0,0.0,0.0,0.0,0.0,0.0,1.0,0.08,0.81,0.11,0.01,0.01,0.01,0.98,0.02
31,0.01,0.01,0.55,0.0,0.01,0.02,0.4,0.23,0.73,0.04,0.06,0.01,0.03,0.24,0.76
584,0.0,0.0,0.0,0.0,0.0,0.0,0.99,0.04,0.56,0.4,0.05,0.0,0.02,1.0,0.0
588,0.0,0.02,0.65,0.0,0.01,0.07,0.24,0.21,0.75,0.04,0.01,0.01,0.01,0.08,0.92
35,0.01,0.01,0.13,0.0,0.01,0.02,0.82,0.09,0.8,0.1,0.02,0.01,0.01,0.03,0.97
290,0.0,0.01,0.01,0.0,0.0,0.0,0.98,0.06,0.79,0.15,0.03,0.01,0.02,0.96,0.04
306,0.01,0.0,0.0,0.0,0.0,0.0,0.99,0.01,0.32,0.67,0.02,0.01,0.01,0.68,0.32
149,0.0,0.03,0.31,0.01,0.01,0.04,0.61,0.81,0.18,0.01,0.09,0.01,0.06,1.0,0.0
517,0.0,0.06,0.09,0.0,0.01,0.01,0.82,0.44,0.52,0.04,0.02,0.0,0.01,0.96,0.04
455,0.0,0.0,0.01,0.0,0.0,0.0,0.98,0.12,0.82,0.07,0.03,0.01,0.02,0.98,0.02
576,0.0,0.0,0.01,0.0,0.0,0.0,0.98,0.08,0.82,0.1,0.05,0.02,0.03,0.93,0.07
563,0.01,0.0,0.0,0.0,0.0,0.0,0.99,0.05,0.81,0.15,0.08,0.01,0.03,0.99,0.01
378,0.0,0.0,0.0,0.0,0.0,0.0,0.99,0.12,0.66,0.22,0.03,0.01,0.01,0.98,0.02
520,0.0,0.01,0.76,0.0,0.0,0.09,0.13,0.57,0.39,0.03,0.06,0.02,0.04,0.95,0.05
90,0.0,0.0,0.0,0.0,0.0,0.0,0.99,0.37,0.58,0.05,0.14,0.0,0.05,0.01,0.99
41,0.0,0.0,0.0,0.0,0.0,0.0,1.0,0.18,0.74,0.09,0.01,0.01,0.01,1.0,0.0
73,0.0,0.02,0.57,0.01,0.01,0.05,0.34,0.2,0.69,0.11,0.04,0.01,0.03,0.86,0.14
18,0.0,0.0,0.01,0.0,0.0,0.0,0.98,0.1,0.64,0.26,0.02,0.01,0.02,0.97,0.03
292,0.0,0.0,0.0,0.0,0.0,0.0,1.0,0.1,0.73,0.17,0.02,0.0,0.01,0.99,0.01
61,0.0,0.02,0.61,0.0,0.01,0.06,0.31,0.48,0.46,0.05,0.02,0.01,0.02,0.64,0.36
341,0.01,0.04,0.19,0.0,0.0,0.03,0.73,0.19,0.71,0.09,0.03,0.01,0.01,0.32,0.68
358,0.0,0.01,0.02,0.0,0.0,0.0,0.97,0.24,0.7,0.06,0.02,0.01,0.02,0.99,0.01
6,0.0,0.01,0.08,0.0,0.01,0.01,0.9,0.09,0.87,0.04,0.06,0.0,0.02,0.99,0.01
224,0.0,0.0,0.0,0.0,0.0,0.0,0.99,0.1,0.78,0.12,0.05,0.0,0.02,0.82,0.18
519,0.0,0.01,0.79,0.0,0.0,0.03,0.16,0.24,0.69,0.07,0.2,0.01,0.08,0.88,0.12
98,0.0,0.0,0.0,0.0,0.0,0.0,0.99,0.08,0.87,0.05,0.02,0.0,0.01,0.97,0.03
323,0.0,0.0,0.14,0.0,0.01,0.01,0.83,0.15,0.8,0.04,0.02,0.01,0.01,0.99,0.01
464,0.0,0.0,0.0,0.0,0.0,0.0,1.0,0.19,0.74,0.07,0.01,0.01,0.01,0.98,0.02
477,0.0,0.0,0.0,0.0,0.0,0.0,0.99,0.08,0.88,0.04,0.02,0.01,0.01,0.98,0.02
553,0.0,0.02,0.37,0.0,0.01,0.02,0.58,0.51,0.46,0.04,0.29,0.01,0.08,0.96,0.04
486,0.0,0.0,0.0,0.0,0.0,0.0,0.99,0.08,0.84,0.08,0.01,0.01,0.01,0.95,0.05
36,0.0,0.0,0.0,0.0,0.0,0.0,1.0,0.06,0.62,0.32,0.01,0.01,0.01,1.0,0.0
81,0.0,0.0,0.01,0.0,0.0,0.0,0.99,0.06,0.88,0.06,0.05,0.01,0.02,0.96,0.04
147,0.01,0.01,0.08,0.0,0.0,0.0,0.9,0.06,0.59,0.36,0.06,0.0,0.02,0.99,0.01
540,0.0,0.01,0.02,0.0,0.0,0.0,0.96,0.18,0.78,0.04,0.02,0.01,0.01,1.0,0.0
0,0.0,0.0,0.0,0.0,0.0,0.0,0.99,0.07,0.87,0.07,0.13,0.01,0.04,0.94,0.06
460,0.0,0.0,0.0,0.0,0.0,0.0,1.0,0.1,0.67,0.23,0.02,0.01,0.01,0.9,0.1
503,0.0,0.01,0.01,0.01,0.01,0.0,0.96,0.24,0.71,0.04,0.04,0.02,0.02,0.99,0.01
236,0.0,0.0,0.02,0.0,0.0,0.0,0.97,0.19,0.75,0.06,0.02,0.01,0.02,0.99,0.01
124,0.0,0.0,0.0,0.0,0.0,0.0,0.99,0.05,0.76,0.19,0.02,0.0,0.01,1.0,0.0
134,0.0,0.0,0.02,0.0,0.0,0.0,0.97,0.17,0.72,0.12,0.07,0.01,0.03,0.61,0.39
542,0.0,0.0,0.0,0.0,0.0,0.0,0.99,0.07,0.86,0.07,0.02,0.0,0.01,0.94,0.06
118,0.0,0.0,0.01,0.0,0.0,0.0,0.99,0.55,0.43,0.02,0.07,0.01,0.03,1.0,0.0
440,0.0,0.04,0.76,0.0,0.0,0.09,0.1,0.29,0.67,0.04,0.24,0.01,0.1,0.39,0.61
197,0.0,0.02,0.47,0.0,0.0,0.03,0.47,0.13,0.75,0.12,0.02,0.01,0.02,0.77,0.23
69,0.0,0.01,0.04,0.0,0.0,0.0,0.94,0.18,0.75,0.06,0.08,0.0,0.03,0.85,0.15
241,0.0,0.0,0.02,0.0,0.0,0.0,0.98,0.1,0.86,0.04,0.18,0.01,0.06,0.86,0.14
37,0.01,0.0,0.0,0.0,0.0,0.0,0.99,0.08,0.76,0.15,0.02,0.01,0.02,1.0,0.0
595,0.0,0.0,0.01,0.0,0.0,0.0,0.98,0.61,0.35,0.04,0.03,0.0,0.02,1.0,0.0
15,0.0,0.0,0.01,0.0,0.0,0.0,0.98,0.16,0.67,0.17,0.02,0.01,0.01,0.94,0.06
433,0.01,0.0,0.01,0.0,0.0,0.0,0.98,0.32,0.59,0.09,0.03,0.01,0.02,0.99,0.01
96,0.0,0.01,0.47,0.0,0.0,0.02,0.49,0.2,0.76,0.04,0.01,0.01,0.01,0.11,0.89
336,0.0,0.01,0.18,0.0,0.01,0.01,0.78,0.64,0.34,0.02,0.04,0.01,0.02,0.98,0.02
295,0.0,0.0,0.0,0.0,0.0,0.0,0.99,0.05,0.74,0.21,0.02,0.01,0.01,0.99,0.01
361,0.0,0.0,0.01,0.0,0.0,0.0,0.99,0.18,0.73,0.09,0.14,0.0,0.04,1.0,0.0
184,0.0,0.0,0.03,0.0,0.0,0.0,0.96,0.09,0.77,0.13,0.05,0.01,0.03,0.9,0.1
436,0.0,0.0,0.0,0.0,0.0,0.0,1.0,0.1,0.81,0.09,0.02,0.01,0.02,0.85,0.15
72,0.0,0.0,0.0,0.0,0.0,0.0,0.99,0.06,0.79,0.15,0.01,0.01,0.01,0.44,0.56
314,0.01,0.0,0.0,0.0,0.0,0.0,0.99,0.03,0.63,0.34,0.02,0.0,0.01,0.83,0.17
518,0.01,0.0,0.01,0.0,0.0,0.0,0.97,0.03,0.69,0.28,0.03,0.01,0.01,0.29,0.71
208,0.0,0.0,0.02,0.0,0.0,0.0,0.97,0.08,0.84,0.08,0.03,0.0,0.02,1.0,0.0
321,0.0,0.0,0.01,0.0,0.0,0.0,0.99,0.15,0.74,0.11,0.02,0.01,0.01,0.87,0.13
28,0.0,0.01,0.04,0.0,0.0,0.0,0.94,0.18,0.65,0.17,0.06,0.01,0.03,0.62,0.38
585,0.0,0.0,0.0,0.0,0.0,0.0,0.99,0.07,0.72,0.21,0.01,0.01,0.01,0.99,0.01
307,0.0,0.03,0.79,0.0,0.0,0.08,0.09,0.34,0.63,0.03,0.05,0.01,0.03,0.87,0.13
424,0.0,0.0,0.02,0.0,0.0,0.0,0.97,0.19,0.69,0.11,0.02,0.01,0.02,1.0,0.0
500,0.0,0.0,0.03,0.0,0.0,0.0,0.96,0.29,0.59,0.12,0.02,0.0,0.02,0.99,0.01
213,0.0,0.13,0.04,0.0,0.0,0.01,0.81,0.12,0.76,0.13,0.07,0.01,0.03,0.65,0.35
322,0.0,0.01,0.03,0.0,0.0,0.01,0.95,0.83,0.16,0.01,0.02,0.01,0.01,1.0,0.0
252,0.0,0.0,0.0,0.0,0.0,0.0,0.99,0.08,0.79,0.14,0.03,0.01,0.01,1.0,0.0
70,0.01,0.0,0.01,0.0,0.0,0.0,0.98,0.03,0.74,0.24,0.01,0.01,0.01,0.81,0.19
457,0.0,0.01,0.04,0.0,0.0,0.0,0.95,0.24,0.67,0.09,0.03,0.01,0.02,1.0,0.0
375,0.03,0.0,0.0,0.0,0.0,0.0,0.97,0.04,0.66,0.3,0.02,0.01,0.01,1.0,0.0
142,0.0,0.0,0.0,0.0,0.0,0.0,0.99,0.14,0.69,0.16,0.02,0.01,0.01,0.99,0.01
189,0.0,0.0,0.0,0.0,0.0,0.0,0.99,0.05,0.66,0.29,0.02,0.01,0.01,0.99,0.01
570,0.01,0.01,0.11,0.0,0.01,0.01,0.87,0.21,0.73,0.05,0.02,0.01,0.01,0.45,0.55
543,0.0,0.0,0.0,0.0,0.0,0.0,0.99,0.03,0.78,0.19,0.02,0.01,0.02,0.56,0.44
509,0.0,0.14,0.71,0.0,0.0,0.06,0.07,0.91,0.09,0.01,0.26,0.01,0.08,0.96,0.04
3,0.0,0.0,0.27,0.0,0.01,0.03,0.67,0.52,0.44,0.03,0.08,0.0,0.03,1.0,0.0
414,0.0,0.0,0.0,0.0,0.0,0.0,0.99,0.09,0.79,0.12,0.04,0.02,0.02,1.0,0.0
560,0.0,0.0,0.0,0.0,0.0,0.0,1.0,0.1,0.77,0.13,0.04,0.01,0.02,0.87,0.13
363,0.0,0.0,0.0,0.0,0.0,0.0,0.99,0.19,0.74,0.07,0.03,0.01,0.01,0.97,0.03
288,0.0,0.0,0.0,0.0,0.0,0.0,0.99,0.13,0.79,0.07,0.02,0.01,0.01,0.98,0.02
311,0.0,0.0,0.0,0.0,0.0,0.0,1.0,0.05,0.83,0.12,0.01,0.01,0.01,0.99,0.01
346,0.0,0.54,0.1,0.0,0.0,0.04,0.31,0.81,0.18,0.01,0.19,0.0,0.04,0.99,0.01
514,0.01,0.01,0.35,0.01,0.02,0.04,0.57,0.32,0.6,0.09,0.07,0.01,0.04,0.81,0.19
1,0.0,0.01,0.19,0.0,0.0,0.02,0.77,0.09,0.83,0.07,0.03,0.01,0.02,0.97,0.03
421,0.0,0.0,0.04,0.0,0.0,0.0,0.95,0.12,0.81,0.07,0.06,0.01,0.03,0.81,0.19
10,0.12,0.22,0.12,0.08,0.14,0.09,0.24,0.21,0.29,0.5,0.6,0.54,0.48,0.69,0.31
521,0.0,0.0,0.93,0.0,0.0,0.06,0.0,0.73,0.25,0.02,0.08,0.0,0.02,0.96,0.04
364,0.01,0.0,0.0,0.0,0.0,0.0,0.99,0.04,0.69,0.28,0.02,0.0,0.01,1.0,0.0
66,0.01,0.03,0.21,0.0,0.0,0.02,0.73,0.4,0.55,0.05,0.03,0.0,0.02,0.78,0.22
437,0.0,0.0,0.01,0.0,0.0,0.0,0.98,0.13,0.8,0.06,0.03,0.0,0.01,0.99,0.01
161,0.0,0.01,0.13,0.0,0.0,0.01,0.84,0.22,0.67,0.11,0.02,0.01,0.01,1.0,0.0
71,0.0,0.02,0.84,0.0,0.0,0.06,0.08,0.19,0.74,0.07,0.03,0.01,0.02,0.48,0.52
296,0.0,0.0,0.0,0.0,0.0,0.0,0.99,0.28,0.53,0.18,0.03,0.01,0.02,1.0,0.0
491,0.0,0.0,0.0,0.0,0.0,0.0,1.0,0.17,0.58,0.26,0.05,0.01,0.02,0.98,0.02
418,0.01,0.0,0.0,0.0,0.0,0.0,0.99,0.09,0.67,0.24,0.02,0.0,0.01,0.99,0.01
175,0.0,0.06,0.11,0.0,0.01,0.02,0.8,0.22,0.51,0.27,0.05,0.01,0.03,0.44,0.56
27,0.0,0.01,0.18,0.0,0.01,0.01,0.78,0.33,0.64,0.03,0.02,0.01,0.01,1.0,0.0
136,0.0,0.04,0.14,0.0,0.0,0.01,0.81,0.44,0.53,0.03,0.02,0.01,0.01,0.98,0.02
355,0.0,0.01,0.21,0.0,0.0,0.01,0.75,0.19,0.76,0.05,0.05,0.01,0.03,0.02,0.98
100,0.0,0.02,0.85,0.0,0.0,0.05,0.08,0.92,0.08,0.01,0.19,0.0,0.05,1.0,0.0
177,0.0,0.02,0.21,0.0,0.0,0.02,0.75,0.06,0.83,0.11,0.03,0.01,0.02,0.98,0.02
392,0.0,0.0,0.0,0.0,0.0,0.0,0.99,0.05,0.85,0.1,0.03,0.01,0.01,1.0,0.0
528,0.73,0.0,0.0,0.0,0.0,0.0,0.26,0.02,0.45,0.52,0.04,0.01,0.02,0.99,0.01
426,0.01,0.0,0.0,0.0,0.0,0.0,0.98,0.25,0.68,0.07,0.04,0.0,0.02,0.99,0.01
95,0.01,0.03,0.1,0.01,0.03,0.02,0.81,0.28,0.61,0.11,0.04,0.01,0.04,0.7,0.3
347,0.0,0.0,0.0,0.0,0.0,0.0,0.99,0.21,0.76,0.03,0.03,0.01,0.02,0.91,0.09
173,0.0,0.01,0.27,0.0,0.0,0.02,0.68,0.66,0.3,0.05,0.01,0.0,0.01,1.0,0.0
501,0.01,0.0,0.0,0.0,0.0,0.0,0.99,0.1,0.76,0.14,0.02,0.01,0.01,0.92,0.08
9,0.0,0.0,0.0,0.0,0.0,0.0,0.99,0.17,0.75,0.09,0.02,0.0,0.01,1.0,0.0
575,0.0,0.01,0.64,0.0,0.0,0.05,0.29,0.32,0.65,0.03,0.02,0.0,0.02,0.99,0.01
373,0.01,0.02,0.39,0.0,0.0,0.05,0.52,0.64,0.32,0.04,0.04,0.02,0.03,0.97,0.03
462,0.0,0.0,0.0,0.0,0.0,0.0,0.99,0.11,0.74,0.15,0.02,0.01,0.01,1.0,0.0
